{"cameraMode":{"drawMode":0,"name":"Shaded","section":"Shading Mode"},"sceneLighting":false,"audioPlay":false,"sceneViewState":{"m_AlwaysRefresh":false,"showFog":true,"showSkybox":false,"showFlares":true,"showImageEffects":true,"showParticleSystems":true,"showVisualEffectGraphs":true,"m_FxEnabled":true},"in2DMode":false,"pivot":{"x":170.93545532226563,"y":0.6843234896659851,"z":166.83775329589845},"rotation":{"x":0.06764782965183258,"y":0.8038922548294067,"z":-0.09330575168132782,"w":0.5835496187210083},"size":0.4492191970348358,"orthographic":false}