{"cameraMode":{"drawMode":0,"name":"Shaded","section":"Shading Mode"},"sceneLighting":false,"audioPlay":false,"sceneViewState":{"m_AlwaysRefresh":false,"showFog":true,"showSkybox":false,"showFlares":true,"showImageEffects":true,"showParticleSystems":true,"showVisualEffectGraphs":true,"m_FxEnabled":true},"in2DMode":false,"pivot":{"x":166.60000610351563,"y":9.600000381469727,"z":186.12399291992188},"rotation":{"x":0.03438226878643036,"y":-0.08295705914497376,"z":0.0027990667149424555,"w":0.9959834814071655},"size":0.4330126941204071,"orthographic":false}